BorrowerNo,BorrowerName,BorrowerAdr
211,"Shanna Korte","3231 Round Cape, Alabama Village, Vermont, 05551-3544, US, (802) 662-8007"
915,"Charline Muse","7555 Silent Lane, Fawnskin, Illinois, 62481-0756, US, (224) 239-8701"
552,"Adam Rogge","2742 Burning Passage, Michigan Bar, Rhode Island, 02834-3860, US, (401) 340-7958"
278,"Karey Caston","6099 Quaking Glen, Teakettle Junction, Indiana, 47594-2291, US, (574) 158-1320"
973,"Lyndsey Bloch","1184 Golden Heath, Stargo, Michigan, 49469-4402, US, (906) 641-1870"
272,"Brandon Cosme","2859 Silver Maze, Whiskey Spring, Alberta, T2V-6N7, CA, (780) 045-4986"
458,"Albertina Zeiger","3561 Hidden Autoroute, Cathlapotle, North Dakota, 58167-2354, US, (701) 689-8833"
987,"Eliseo Karls","4231 Amber Impasse, Tiger, Massachusetts, 01674-7918, US, (339) 011-6425"
825,"Shemeka Nodine","7169 Stony Manor, Unfried, New Jersey, 07486-4521, US, (551) 341-8426"
631,"Evangelina Harps","68 Umber Horse Acres, Agate, Newfoundland, A0Z-3Y4, CA, (709) 267-2045"
277,"Rosalva Stelling","1011 Blue Autumn Limits, Troublesome, Quebec, G0W-3L6, CA, (418) 757-1698"
247,"Glen Divers","2700 Middle Arbor, Hell Gate, Texas, 77828-9392, US, (940) 235-7957"
692,"Arianne Setzer","236 Harvest Sky Diversion, Kremlin, Ontario, L7A-1J8, CA, (248) 256-3744"
738,"Alex Pixler","347 Noble Dell, Pie Town, Nunavut, X5Y-1F8, CA, (867) 288-6655"
441,"Modesta Pou","3700 Crystal Oak Bend, Alta, California, 93629-6234, US, (714) 917-0274"
655,"Jamee Mcmackin","8611 Dewy Stead, Consumers, Oregon, 97356-1661, US, (503) 570-8122"
589,"Gino Bottorff","7450 Sleepy Island, Lingerlost, Maine, 04797-2429, US, (207) 531-8862"
854,"Lucius Leonard","9233 Indian Grove, Vocation, Ontario, N1H-4G5, CA, (519) 835-1264"
962,"Tod Kerby","5685 Rustic Towers, Charity, Alberta, T8Z-1G8, CA, (780) 646-9363"
232,"Tenisha Chiodo","1323 Rocky Bear Swale, Fivemile, Wisconsin, 54698-1727, US, (715) 934-5777"
523,"Lean Durrance","3484 Fallen Freeway, Greasy Corner, New Brunswick, E0S-1K8, CA, (506) 922-6500"
420,"Joan Kitchell","4 Cinder Wagon View, Lake Dick, Minnesota, 56227-0547, US, (218) 661-6477"
874,"Althea Sandage","3486 Cotton Lake Estates, Holy Cross, Wyoming, 82025-6668, US, (307) 291-3388"
873,"Leoma Gillett","7995 Colonial Fawn Isle, Black Wolf, Ontario, L1Q-5C2, CA, (807) 826-7413"
490,"Stuart Amoroso","18 Thunder Log By-pass, Drip Rock, Manitoba, R6L-5H8, CA, (204) 548-5367"
959,"Yer Futch","1667 Shady Barn Mall , Gap in Knob, Wisconsin, 53468-2125, US, (414) 291-7039"
729,"Emmie Belmont","1707 Merry Parade, Sizerock, Newfoundland, A1G-0H2, CA, (709) 873-5528"
170,"Muoi Aguila","5195 Bright Concession, Brimstone, Quebec, J6N-1G4, CA, (438) 323-3206"
647,"Marybeth Sebesta","9852 Clear Avenue, Ah-Gwah-Ching, Virginia, 22229-9805, US, (276) 122-9154"
446,"Octavio Lynn","6468 Green Ledge, Savage, Illinois, 60973-1293, US, (309) 122-3220"
713,"Madison Sherrer","4030 Dusty Goose Route, Buttzville, Oregon, 97936-0862, US, (541) 101-0554"
103,"Afton Schweigert","484 Old Hickory Court, Slaughterville, Oklahoma, 74699-2063, US, (539) 463-7314"
390,"Roseann Wynne","1246 Tawny Vista, Badnation, Utah, 84657-6015, US, (385) 421-9537"
287,"Kimberely Pilla","1672 Misty Campus, Ideal, Louisiana, 70183-9947, US, (225) 051-6518"
172,"Willy Corker","5048 Emerald Village, Two Chestnut, Maryland, 21507-0313, US, (301) 542-0241"
406,"Earl Valliere","3798 Gentle Port, Cheek, Maryland, 21444-8233, US, (301) 350-6470"
304,"Shari Moultrie","7176 Heather Beacon Plaza, Latexo, New Brunswick, E2I-1V3, CA, (506) 592-6366"
516,"Annamaria Bunde","5577 Quiet Hills Carrefour, Cheeseville, South Carolina, 29014-9287, US, (864) 604-9522"
894,"Rosana Uphoff","8035 High Inlet, Gays Mills, Oklahoma, 73154-9329, US, (405) 080-9468"
288,"Claris Venzon","1316 Cozy Embers Link, Winneboujou, Yukon, Y3P-8I6, CA, (867) 672-7125"
319,"Doris Rothschild","1636 Hazy Farms, Shiney Town, New Mexico, 88315-8453, US, (575) 713-7977"
761,"Dorthy Dean","9081 Broad Mews, Oketeyeconne, Louisiana, 71148-3068, US, (318) 627-3236"
240,"Raven Kemmer","7349 Velvet River Ridge, Soapstick, Ohio, 45854-7315, US, (234) 563-4435"
924,"Antonetta Lenoir","5285 Lazy Spring Lookout, Bald Head, Rhode Island, 02968-1533, US, (401) 184-3246"
209,"Hildegard Philipps","9817 Grand Centre, Cardtown, South Carolina, 29245-6230, US, (843) 252-1339"
783,"Paulita Scott","755 Sunny Pine Villas, Governor Run, Minnesota, 56219-7052, US, (651) 201-8977"
870,"Helaine Ingram","6832 Easy Nectar Pike, Nasketucket, Nunavut, X2Q-7Y4, CA, (867) 841-3728"
560,"Sherryl Coppola","5327 Little Bluff Cove, Sebewaing, Quebec, J6T-1B7, CA, (819) 387-2076"
964,"Hal Futrell","955 Red Nook, Dodge Hollow, Colorado, 81620-2557, US, (720) 916-0285"
769,"Ina Burrill","5008 Honey Mountain Glade, Brass Castle, Wyoming, 82200-4061, US, (307) 404-1464"